,mean_fit_time,std_fit_time,mean_score_time,std_score_time,param_learning_rate,param_max_depth,param_n_estimators,params,split0_test_score,split1_test_score,split2_test_score,mean_test_score,std_test_score,rank_test_score,split0_train_score,split1_train_score,split2_train_score,mean_train_score,std_train_score
0,147.4515925248464,50.09187512099586,0.3555614153544108,0.10396771766979403,0.6,9,1149,"{'learning_rate': 0.6, 'max_depth': 9, 'n_estimators': 1149}",0.9552139843279084,0.9614804991259268,0.9584664536741214,0.9583869790426522,0.0025589111084250095,74,0.9999698595454819,1.0,0.9999698604539016,0.9999799066664612,1.4208132406799431e-05
1,362.4966202576955,49.361386054943154,0.6785322030385336,0.03591948810724259,0.6,3,1493,"{'learning_rate': 0.6, 'max_depth': 3, 'n_estimators': 1493}",0.970042194092827,0.9584061727650853,0.947073361866297,0.9585072429080698,0.009377258833403753,72,1.0,0.9941529280569035,0.9783899454474215,0.9908476245014417,0.009126605361493605
2,377.95993757247925,8.206404630511798,0.8843456904093424,0.024977327349690742,0.1,8,714,"{'learning_rate': 0.1, 'max_depth': 8, 'n_estimators': 714}",0.9645569620253165,0.9694978600277292,0.9679305563927904,0.9673284594819455,0.0020615542332745452,33,1.0,1.0,1.0,1.0,0.0
3,173.6226712067922,1.7357655912966323,0.3975206216176351,0.0024981580886095675,0.2,2,963,"{'learning_rate': 0.2, 'max_depth': 2, 'n_estimators': 963}",0.9677516576250753,0.9720899391162818,0.9707637591174875,0.9702017852862815,0.0018151276382037105,15,0.995569353185846,0.9942132071491003,0.994815998071069,0.9948661861353384,0.0005547805269303149
4,160.2514410018921,3.065759900815953,0.3700833320617676,0.010854825271356427,0.5,6,833,"{'learning_rate': 0.5, 'max_depth': 6, 'n_estimators': 833}",0.9672694394213381,0.9705226354813431,0.9659412863945989,0.9679111204324267,0.001924578872315844,29,1.0,1.0,1.0,1.0,0.0
5,479.19502234458923,2.119877025451443,1.0253191788991292,0.005399264384653571,0.1,4,1332,"{'learning_rate': 0.1, 'max_depth': 4, 'n_estimators': 1332}",0.9713682941531043,0.974380613659654,0.9717282536620653,0.9724923871582746,0.0013432404109482564,1,1.0,1.0,1.0,1.0,0.0
6,242.82787068684897,2.8973274869232775,0.5568327109018961,0.004922154425085404,0.4,5,1334,"{'learning_rate': 0.4, 'max_depth': 5, 'n_estimators': 1334}",0.9681133212778782,0.9731147145698957,0.9678702754837543,0.9696994371105093,0.0024170033661477914,18,1.0,1.0,1.0,1.0,0.0
7,144.22712469100952,1.5858203945800997,0.35243550936381024,0.007539245498170502,0.2,10,959,"{'learning_rate': 0.2, 'max_depth': 10, 'n_estimators': 959}",0.9600964436407474,0.9640122973054434,0.9616613418530351,0.9619233609330754,0.0016093410617510466,54,1.0,1.0,1.0,1.0,0.0
8,310.58796350161236,3.463453592944742,0.6853702863057455,0.008281018516437498,0.3,5,1048,"{'learning_rate': 0.3, 'max_depth': 5, 'n_estimators': 1048}",0.9682941531042797,0.9735366809331485,0.9704623545723069,0.970764396203245,0.0021508829767068203,13,1.0,1.0,1.0,1.0,0.0
9,101.9667272567749,2.2879443424283568,0.2530251344045003,0.0033057993080331254,0.3,10,713,"{'learning_rate': 0.3, 'max_depth': 10, 'n_estimators': 713}",0.95708257986739,0.9612393754897823,0.9594912291277352,0.9592710614949692,0.0017041308246871587,64,1.0,1.0,1.0,1.0,0.0
10,170.33402434984842,52.673708337390735,0.38096849123636883,0.09393473346385726,0.7,6,1030,"{'learning_rate': 0.7, 'max_depth': 6, 'n_estimators': 1030}",0.9619047619047619,0.9650973536680933,0.9620230273072518,0.9630083809600357,0.0014779156285376763,44,1.0,0.9999698604539016,1.0,0.9999899534846338,1.4207918285389055e-05
11,85.38222440083821,1.8775850105578369,0.21868626276652017,0.004130125361563566,0.5,9,1044,"{'learning_rate': 0.5, 'max_depth': 9, 'n_estimators': 1044}",0.9572634116937915,0.9595515100367713,0.9587075773102658,0.9585074996802762,0.0009447651561114537,71,1.0,1.0,1.0,1.0,0.0
12,189.69534118970236,1.584579737505429,0.4604080518086751,0.0017044708838087124,0.3,7,1414,"{'learning_rate': 0.3, 'max_depth': 7, 'n_estimators': 1414}",0.9656419529837251,0.9705829163903792,0.9666646573030321,0.9676298422257122,0.002129470403285021,32,1.0,1.0,1.0,1.0,0.0
13,256.2587673664093,0.7961171190742539,0.5800980726877848,0.014393292097239668,0.4,2,1364,"{'learning_rate': 0.4, 'max_depth': 2, 'n_estimators': 1364}",0.9670283303194696,0.9712460063897763,0.9709446018445959,0.969739646184614,0.0019211344678603272,17,1.0,1.0,1.0,1.0,0.0
14,191.93322356541952,0.6797910997437271,0.43101803461710614,0.006393710186286406,0.5,2,1025,"{'learning_rate': 0.5, 'max_depth': 2, 'n_estimators': 1025}",0.9673297166968053,0.9696787027548376,0.9688347700283321,0.9686143964933249,0.0009715476472810787,25,1.0,1.0,1.0,1.0,0.0
15,99.20142245292664,0.6671859546400569,0.25538118680318195,0.0007072957980706478,0.4,9,1239,"{'learning_rate': 0.4, 'max_depth': 9, 'n_estimators': 1239}",0.9592525617842074,0.9640122973054434,0.960998251853638,0.9614210369810962,0.0019660164472063515,59,1.0,1.0,1.0,1.0,0.0
16,100.13722101847331,0.5107102445108952,0.26001644134521484,0.0012556148266921437,0.4,9,1476,"{'learning_rate': 0.4, 'max_depth': 9, 'n_estimators': 1476}",0.9592525617842074,0.9640122973054434,0.960998251853638,0.9614210369810962,0.0019660164472063515,59,1.0,1.0,1.0,1.0,0.0
17,149.05424316724142,2.9042692272763015,0.36722461382548016,0.006992689730285176,0.3,8,1218,"{'learning_rate': 0.3, 'max_depth': 8, 'n_estimators': 1218}",0.9641952983725136,0.9685333654831515,0.9655193200313461,0.9660826612956704,0.0018152541785596517,34,1.0,1.0,1.0,1.0,0.0
18,193.31634998321533,80.7158246342834,0.41933393478393555,0.1384724862135066,0.8,7,1010,"{'learning_rate': 0.8, 'max_depth': 7, 'n_estimators': 1010}",0.9581675708257986,0.9636506118512267,0.9571402736753271,0.9596528187841175,0.0028578076579097882,63,1.0,0.9999397209078031,0.9999698604539016,0.9999698604539016,2.4608836340080732e-05
19,364.3835578759511,1.0263294825926736,0.6269147396087646,0.016547622820627283,0.8,3,1298,"{'learning_rate': 0.8, 'max_depth': 3, 'n_estimators': 1298}",0.8648583484026522,0.9512327445897885,0.9545481945867744,0.9235464291930716,0.04152080741281198,99,0.8757911869310989,0.9830615750926791,0.994122788510805,0.9509918501781943,0.05336629663731358
20,273.6759858926137,0.8407398538041462,0.4934852123260498,0.031661394413051346,0.9,3,975,"{'learning_rate': 0.9, 'max_depth': 3, 'n_estimators': 975}",0.9491862567811935,0.9515341491349689,0.9512930254988246,0.9506711438049956,0.0010545780379118102,88,0.9879739586472964,0.9912293920853552,0.9925555321136864,0.9905862942821128,0.0019249043171689886
21,165.39859445889792,70.17598282792767,0.37432026863098145,0.10501307696401106,0.8,6,722,"{'learning_rate': 0.8, 'max_depth': 6, 'n_estimators': 722}",0.9620253164556962,0.9625655554885768,0.9629272409427935,0.9625060376290221,0.000370606464065666,49,1.0,1.0,0.9999397209078031,0.9999799069692678,2.841583657077811e-05
22,99.04863095283508,0.4602291542702687,0.26239673296610516,0.00880717593811682,0.4,9,1235,"{'learning_rate': 0.4, 'max_depth': 9, 'n_estimators': 1235}",0.9592525617842074,0.9640122973054434,0.960998251853638,0.9614210369810962,0.0019660164472063515,59,1.0,1.0,1.0,1.0,0.0
23,193.49685939153036,6.68185335338743,0.426383097966512,0.007176940894182437,0.7,8,1058,"{'learning_rate': 0.7, 'max_depth': 8, 'n_estimators': 1058}",0.958710066305003,0.9629272409427935,0.9574416782205075,0.9596929951561014,0.002344847036912278,62,0.9999698595454819,0.9999698604539016,0.9999698604539016,0.999969860151095,4.282331405420017e-10
24,145.2294450600942,1.0865901371086504,0.35668110847473145,0.002912924339112375,0.2,10,1218,"{'learning_rate': 0.2, 'max_depth': 10, 'n_estimators': 1218}",0.9600964436407474,0.9640122973054434,0.9616613418530351,0.9619233609330754,0.0016093410617510466,54,1.0,1.0,1.0,1.0,0.0
25,279.68386737505597,1.0832354399303592,0.6164494355519613,0.0018713618540649557,0.2,3,1013,"{'learning_rate': 0.2, 'max_depth': 3, 'n_estimators': 1013}",0.9695599758890898,0.9734161191150763,0.9717885345711014,0.9715882098584224,0.001580623851039576,9,1.0,1.0,1.0,1.0,0.0
26,454.67453090349835,2.175364408994342,1.035361925760905,0.009641786671496528,0.1,5,1032,"{'learning_rate': 0.1, 'max_depth': 5, 'n_estimators': 1032}",0.9705244122965642,0.9739586472964012,0.9722105009343541,0.9722311868424399,0.0014020968674623257,4,1.0,1.0,1.0,1.0,0.0
27,422.18848673502606,167.65270897078295,0.7326096693674723,0.21544030452802385,0.8,4,1450,"{'learning_rate': 0.8, 'max_depth': 4, 'n_estimators': 1450}",0.965159734779988,0.9534631382241244,0.9436976309602749,0.9541068346547957,0.008773681626059435,79,1.0,0.9882757165677085,0.9762198981283342,0.988165204898681,0.009708500429295426
28,446.3410914738973,6.440842520303644,1.003386656443278,0.006954089199588764,0.2,5,1440,"{'learning_rate': 0.2, 'max_depth': 5, 'n_estimators': 1440}",0.9701024713682942,0.9745614563867623,0.9724516245704985,0.972371850775185,0.0018212467785457215,2,1.0,1.0,1.0,1.0,0.0
29,606.9884510040283,0.6386144251375879,1.381468137105306,0.0072002878101607055,0.1,6,1164,"{'learning_rate': 0.1, 'max_depth': 6, 'n_estimators': 1164}",0.9701024713682942,0.9738380854783291,0.9711857254807402,0.9717087607757878,0.0015692625942720251,7,1.0,1.0,1.0,1.0,0.0
30,175.07351557413736,2.5199189451210717,0.37053267161051434,0.008597361136392983,0.9,2,935,"{'learning_rate': 0.9, 'max_depth': 2, 'n_estimators': 935}",0.9564195298372513,0.9661824100307432,0.9656398818494183,0.9627472739058044,0.0044798692655562584,46,0.9965338477304237,1.0,1.0,0.9988446159101413,0.0016339598496283392
31,258.9131105740865,125.8855063710461,0.5031528472900391,0.12987489389076198,0.6,5,945,"{'learning_rate': 0.6, 'max_depth': 5, 'n_estimators': 945}",0.9667269439421338,0.9273615046114896,0.9679305563927904,0.9540063349821378,0.018847146730885837,81,1.0,0.9473462129660327,1.0,0.9824487376553442,0.024821233244580382
32,154.80050818125406,2.8633544939483317,0.3848687807718913,0.02971722143036702,0.7,5,1090,"{'learning_rate': 0.7, 'max_depth': 5, 'n_estimators': 1090}",0.9638336347197106,0.9678099945747182,0.9663029718488155,0.9659822003810814,0.0016391115835543608,35,1.0,1.0,1.0,1.0,0.0
33,263.3920370737712,2.608939373233606,0.6300351619720459,0.00861098898877012,0.2,7,1420,"{'learning_rate': 0.2, 'max_depth': 7, 'n_estimators': 1420}",0.9673899939722724,0.9714871300259208,0.9689553318464043,0.9692774852815326,0.0016880892723925116,23,1.0,1.0,1.0,1.0,0.0
34,298.62778250376385,0.7524636237909519,0.5359504222869873,0.019366898954389766,0.8,3,1067,"{'learning_rate': 0.8, 'max_depth': 3, 'n_estimators': 1067}",0.9314647377938517,0.9523178009524383,0.9545481945867744,0.9461102444443549,0.01039589062173028,92,0.953764542769305,0.9859851110642274,0.9945146026100847,0.9780880854812057,0.017548297240301432
35,145.31762965520224,1.1520856260151737,0.367138147354126,0.013238682975363522,0.2,10,1328,"{'learning_rate': 0.2, 'max_depth': 10, 'n_estimators': 1328}",0.9600964436407474,0.9640122973054434,0.9616613418530351,0.9619233609330754,0.0016093410617510466,54,1.0,1.0,1.0,1.0,0.0
36,154.87858247756958,41.65449428624578,0.3784498373667399,0.066719722352082,0.5,7,852,"{'learning_rate': 0.5, 'max_depth': 7, 'n_estimators': 852}",0.9641350210970464,0.9669057809391766,0.96328892639701,0.964776576144411,0.001544690660271912,39,1.0,1.0,0.9999698604539016,0.9999899534846338,1.4207918285389055e-05
37,158.88649463653564,0.9147841860285141,0.38583072026570636,0.009895168632955443,0.5,2,850,"{'learning_rate': 0.5, 'max_depth': 2, 'n_estimators': 850}",0.9665461121157324,0.9698595454819459,0.9682319609379709,0.968212539511883,0.0013527732162555714,28,0.9999397190909639,0.9999397209078031,0.9999397209078031,0.9999397203021901,8.564662287475913e-10
38,83.35748243331909,0.22341257471402678,0.24370304743448892,0.02258230303391171,0.4,10,1335,"{'learning_rate': 0.4, 'max_depth': 10, 'n_estimators': 1335}",0.9577456298975286,0.9596117909458075,0.9585870154921936,0.9586481454451766,0.0007630823100610173,67,1.0,1.0,1.0,1.0,0.0
39,369.1207573413849,49.158817128618225,0.7018816471099854,0.023918329366378128,0.6,3,1442,"{'learning_rate': 0.6, 'max_depth': 3, 'n_estimators': 1442}",0.970042194092827,0.9588884200373742,0.9462294291397915,0.9583866810899976,0.009727992261359833,75,1.0,0.9939419512342144,0.9781789686247325,0.9907069732863157,0.009197396889433634
40,344.3379123210907,3.112790312952288,0.7795809904734293,0.029072843341826308,0.4,3,1250,"{'learning_rate': 0.4, 'max_depth': 3, 'n_estimators': 1250}",0.9694996986136226,0.9726324672976069,0.9726324672976069,0.9715882110696121,0.001476801320222754,8,1.0,1.0,1.0,1.0,0.0
41,170.1082183519999,125.05661020961321,0.33858823776245117,0.1923769868611526,0.8,8,732,"{'learning_rate': 0.8, 'max_depth': 8, 'n_estimators': 732}",0.9540084388185655,0.9557538127674965,0.956597745494002,0.9554533323600213,0.0010782218761530207,77,1.0,1.0,0.9998794418156063,0.9999598139385354,5.683167314155622e-05
42,161.76028068860373,3.124527252208599,0.3916781743367513,0.005028660771192461,0.5,6,1434,"{'learning_rate': 0.5, 'max_depth': 6, 'n_estimators': 1434}",0.9672694394213381,0.9705226354813431,0.9659412863945989,0.9679111204324267,0.001924578872315844,29,1.0,1.0,1.0,1.0,0.0
43,153.34734535217285,0.16238616017138038,0.33504517873128253,0.01189842618939508,0.9,2,816,"{'learning_rate': 0.9, 'max_depth': 2, 'n_estimators': 816}",0.956298975286317,0.9659412863945989,0.9652781963952016,0.9625061526920392,0.004397477352331738,48,0.9965037072759058,1.0,1.0,0.9988345690919687,0.0016481681961468162
44,308.8263205687205,87.01659405749544,0.5482900142669678,0.0930179499034622,0.8,4,997,"{'learning_rate': 0.8, 'max_depth': 4, 'n_estimators': 997}",0.965159734779988,0.9541865091325578,0.9482789800470192,0.9558750746531883,0.0069942076142457,76,1.0,0.9909581361704692,0.9857439946954399,0.9922340436219698,0.0058895034697053475
45,222.79847311973572,58.10352963045131,0.5053149064381918,0.11169119325286812,0.6,6,1340,"{'learning_rate': 0.6, 'max_depth': 6, 'n_estimators': 1340}",0.9636528028933092,0.9684730845741154,0.9651576345771294,0.9657611740148514,0.0020136159448850815,38,0.9999698595454819,1.0,0.9999698604539016,0.9999799066664612,1.4208132406799431e-05
46,364.2313466866811,210.82287527309248,0.6730618476867676,0.29065356244528284,0.8,5,1417,"{'learning_rate': 0.8, 'max_depth': 5, 'n_estimators': 1417}",0.964376130198915,0.9657001627584544,0.865272168304298,0.9317828204205557,0.04703323930478729,97,1.0,0.9999698604539016,0.8771813496488743,0.9590504033675918,0.05789016436146857
47,329.4329771200816,0.7446233115261868,0.5899058977762858,0.005441723388568418,0.8,3,1181,"{'learning_rate': 0.8, 'max_depth': 3, 'n_estimators': 1181}",0.9246534056660639,0.9521972391343662,0.9545481945867744,0.9437996131290681,0.013572390922926387,93,0.9495448791367774,0.9848096687663884,0.9944543235178879,0.9762696238070179,0.01930308826044968
48,149.79401278495789,0.6956657424199846,0.3464047908782959,0.0019847036295525568,0.1,2,811,"{'learning_rate': 0.1, 'max_depth': 2, 'n_estimators': 811}",0.9661241711874623,0.969980107300018,0.9691361745735125,0.9684134843536644,0.001655047167792327,26,0.9819760081982036,0.9808312486813948,0.9820066909792339,0.9816046492862774,0.0005470202494652543
49,290.2466557820638,246.52592176038635,0.5409352779388428,0.3629412702958167,0.9,10,1289,"{'learning_rate': 0.9, 'max_depth': 10, 'n_estimators': 1289}",0.9417721518987342,0.9446621255048526,0.9428536982337694,0.9430959918791187,0.0011922014703753675,95,1.0,0.9999698604539016,0.9998191627234094,0.999929674392437,7.91063410993902e-05
50,268.47962188720703,6.256032157392866,0.6397894223531088,0.016841502315414966,0.1,10,1196,"{'learning_rate': 0.1, 'max_depth': 10, 'n_estimators': 1196}",0.959493670886076,0.964976791850021,0.9622641509433962,0.9622448712264977,0.0022385162730294253,53,1.0,1.0,1.0,1.0,0.0
51,513.0664680798849,3.761532849957455,1.1319990158081055,0.02449133698475818,0.1,5,1181,"{'learning_rate': 0.1, 'max_depth': 5, 'n_estimators': 1181}",0.9705846895720314,0.9740792091144734,0.9722105009343541,0.9722914665402863,0.001427779927051166,3,1.0,1.0,1.0,1.0,0.0
52,236.43098004659018,2.7132730059083636,0.5512394905090332,0.008737018496331628,0.4,5,1232,"{'learning_rate': 0.4, 'max_depth': 5, 'n_estimators': 1232}",0.9681133212778782,0.9731147145698957,0.9678702754837543,0.9696994371105093,0.0024170033661477914,18,1.0,1.0,1.0,1.0,0.0
53,119.59985582033794,30.490873108836368,0.28713099161783856,0.06296942178393519,0.6,9,727,"{'learning_rate': 0.6, 'max_depth': 9, 'n_estimators': 727}",0.9553345388788427,0.9614804991259268,0.9586472964012297,0.9584874448019997,0.00251162248225019,73,0.9999698595454819,1.0,0.9999698604539016,0.9999799066664612,1.4208132406799431e-05
54,339.6556154092153,3.495539820825136,0.7844348748524984,0.009378299980518865,0.2,6,975,"{'learning_rate': 0.2, 'max_depth': 6, 'n_estimators': 975}",0.9690777576853526,0.9731147145698957,0.9715474109349569,0.9712466277300683,0.001661747699295772,11,1.0,1.0,1.0,1.0,0.0
55,324.9083997408549,0.9451861750063041,0.735753615697225,0.003673864208284454,0.2,5,738,"{'learning_rate': 0.2, 'max_depth': 5, 'n_estimators': 738}",0.9699216395418927,0.9740189282054373,0.9718488154801375,0.971929794409156,0.0016736908890854722,6,1.0,1.0,1.0,1.0,0.0
56,355.878381729126,203.05179358657298,0.6823816299438477,0.30844026985799494,0.8,5,1373,"{'learning_rate': 0.8, 'max_depth': 5, 'n_estimators': 1373}",0.964376130198915,0.9657604436674905,0.865272168304298,0.9318029140569012,0.04704773589127652,96,1.0,0.9999698604539016,0.8771813496488743,0.9590504033675918,0.05789016436146857
57,194.44612749417624,64.72033614486931,0.4587546189626058,0.13586621494285658,0.7,7,1472,"{'learning_rate': 0.7, 'max_depth': 7, 'n_estimators': 1472}",0.9607594936708861,0.9629272409427935,0.9616613418530351,0.9617826921555716,0.0008891293421693469,57,0.9999698595454819,1.0,0.9999698604539016,0.9999799066664612,1.4208132406799431e-05
58,402.8725383281708,1.9529717622530929,0.9007294972737631,0.011845174194504815,0.1,3,1456,"{'learning_rate': 0.1, 'max_depth': 3, 'n_estimators': 1456}",0.9702833031946956,0.9734161191150763,0.972150220025318,0.9719498807783632,0.0012867881872192554,5,0.9996985954548194,0.999728744085114,0.9996986045390156,0.9997086480263163,1.421005993490576e-05
59,169.49302570025125,0.90464380419775,0.391251007715861,0.0033503416341976824,0.4,2,906,"{'learning_rate': 0.4, 'max_depth': 2, 'n_estimators': 906}",0.9672694394213381,0.9704020736632708,0.9701609500271264,0.9692774877039119,0.0014233127041839442,22,0.9997287359093375,0.9994273486241297,0.999789023177311,0.999648369236926,0.000158211297806828
60,82.00949883460999,0.5733944757516557,0.21236276626586914,0.0018469114068541085,0.4,10,898,"{'learning_rate': 0.4, 'max_depth': 10, 'n_estimators': 898}",0.9577456298975286,0.9596117909458075,0.9585870154921936,0.9586481454451766,0.0007630823100610173,67,1.0,1.0,1.0,1.0,0.0
61,243.58831961949667,4.422708137095517,0.5629390875498453,0.011674999885554815,0.4,5,1283,"{'learning_rate': 0.4, 'max_depth': 5, 'n_estimators': 1283}",0.9681133212778782,0.9731147145698957,0.9678702754837543,0.9696994371105093,0.0024170033661477914,18,1.0,1.0,1.0,1.0,0.0
62,170.6595892906189,48.882444555497216,0.40279968579610187,0.10232636665333525,0.7,7,1117,"{'learning_rate': 0.7, 'max_depth': 7, 'n_estimators': 1117}",0.9606992163954189,0.9629272409427935,0.9615407800349629,0.9617224124577252,0.0009186098550435785,58,0.9999698595454819,1.0,0.9999698604539016,0.9999799066664612,1.4208132406799431e-05
63,272.97933499018353,0.3884902878611271,0.49548768997192383,0.007551637498900508,0.8,3,973,"{'learning_rate': 0.8, 'max_depth': 3, 'n_estimators': 973}",0.933212778782399,0.951594430044005,0.9543070709506299,0.9463714265923446,0.009370240634110866,91,0.953191874133462,0.9883661352060038,0.9944543235178879,0.9786707776191178,0.018186944059842627
64,236.5055148601532,3.594389129868381,0.5522980690002441,0.006863236475965672,0.3,6,944,"{'learning_rate': 0.3, 'max_depth': 6, 'n_estimators': 944}",0.9677516576250753,0.971065163662668,0.9697992645729098,0.9695386952868844,0.0013652235054880705,21,1.0,1.0,1.0,1.0,0.0
65,155.27308448155722,2.584141256666812,0.3661985397338867,0.007718728605193768,0.7,5,1289,"{'learning_rate': 0.7, 'max_depth': 5, 'n_estimators': 1289}",0.9638336347197106,0.9678099945747182,0.9663029718488155,0.9659822003810814,0.0016391115835543608,35,1.0,1.0,1.0,1.0,0.0
66,310.47088774045307,304.5243608422367,0.5367879072825114,0.4197411169741928,0.9,7,1133,"{'learning_rate': 0.9, 'max_depth': 7, 'n_estimators': 1133}",0.9420132610006028,0.9581047682199048,0.9603351618542407,0.953484397024916,0.008162266237887834,83,0.9934896618241003,1.0,1.0,0.9978298872747001,0.003069002847997578
67,335.13216797510785,1.7932379704094317,0.7450212637583414,0.01392463621266874,0.3,4,932,"{'learning_rate': 0.3, 'max_depth': 4, 'n_estimators': 932}",0.9701024713682942,0.9726324672976069,0.9716679727530291,0.9714676371396435,0.0010425355690423421,10,1.0,1.0,1.0,1.0,0.0
68,412.243953148524,158.52929067172786,0.7133007844289144,0.19850489041308525,0.8,4,1398,"{'learning_rate': 0.8, 'max_depth': 4, 'n_estimators': 1398}",0.965159734779988,0.9535837000421966,0.9444210018687081,0.9543881455636308,0.008485639246753576,78,1.0,0.9886072515747912,0.977937852255945,0.9888483679435787,0.009008447650126369
69,84.5276730855306,0.8981978125777456,0.22679543495178223,0.0024621809840039903,0.4,10,1484,"{'learning_rate': 0.4, 'max_depth': 10, 'n_estimators': 1484}",0.9577456298975286,0.9596117909458075,0.9585870154921936,0.9586481454451766,0.0007630823100610173,67,1.0,1.0,1.0,1.0,0.0
70,306.1624918778737,88.9428581240026,0.5988358656565348,0.1274502989249585,0.8,9,1312,"{'learning_rate': 0.8, 'max_depth': 9, 'n_estimators': 1312}",0.9516576250753466,0.9556935318584604,0.9512930254988246,0.9528813941442106,0.0019940448182408812,86,0.9999397190909639,0.9999698604539016,0.9999095813617047,0.9999397203021901,2.4608836354984616e-05
71,275.47288115819293,0.9915029081551774,0.6295249462127686,0.010239275446416765,0.4,4,763,"{'learning_rate': 0.4, 'max_depth': 4, 'n_estimators': 763}",0.9681133212778782,0.9707034782084514,0.9705226354813431,0.9697798116558909,0.0011806971550722808,16,1.0,1.0,1.0,1.0,0.0
72,196.49754667282104,0.7922491912927296,0.445775826772054,0.008596082103726173,0.2,3,718,"{'learning_rate': 0.2, 'max_depth': 3, 'n_estimators': 718}",0.9687160940325498,0.9728133100247152,0.9707034782084514,0.9707442940885721,0.0016729303977684356,14,0.9995780336367472,0.999517767262425,0.9994273486241297,0.9995077165077674,6.192606617989978e-05
73,101.80299472808838,0.7669281620261831,0.25316611925760907,0.0032041605942136403,0.5,8,842,"{'learning_rate': 0.5, 'max_depth': 8, 'n_estimators': 842}",0.9625075346594334,0.9639520163964073,0.9606365663994213,0.9623653724850874,0.0013572545164140882,51,1.0,1.0,1.0,1.0,0.0
74,153.888055006663,3.5606037265396107,0.3585716088612874,0.01090945330434034,0.7,5,776,"{'learning_rate': 0.7, 'max_depth': 5, 'n_estimators': 776}",0.9638336347197106,0.9678099945747182,0.9663029718488155,0.9659822003810814,0.0016391115835543608,35,1.0,1.0,1.0,1.0,0.0
75,122.40246971448262,2.3393815439902057,0.3073485692342122,0.003896575822056979,0.3,9,1257,"{'learning_rate': 0.3, 'max_depth': 9, 'n_estimators': 1257}",0.9599758890898131,0.966061848212671,0.9623244318524323,0.9627873897183056,0.002506055612638417,45,1.0,1.0,1.0,1.0,0.0
76,286.91155608495075,241.0615966199528,0.5409233570098877,0.3573314029186137,0.9,10,1270,"{'learning_rate': 0.9, 'max_depth': 10, 'n_estimators': 1270}",0.9417721518987342,0.9447826873229248,0.9429139791428055,0.9431562727881548,0.001240929904818461,94,1.0,0.9999698604539016,0.9998191627234094,0.999929674392437,7.91063410993902e-05
77,211.91561992963156,55.789028797611486,0.42655762036641437,0.07853253147591659,0.8,9,793,"{'learning_rate': 0.8, 'max_depth': 9, 'n_estimators': 793}",0.9515370705244123,0.955994936403641,0.9518958345891856,0.9531426138390796,0.0020222076917357076,85,0.9999397190909639,0.9999698604539016,0.9999095813617047,0.9999397203021901,2.4608836354984616e-05
78,396.8658772309621,66.143516541772,0.7394456068674723,0.025480362067545986,0.7,4,1319,"{'learning_rate': 0.7, 'max_depth': 4, 'n_estimators': 1319}",0.9661241711874623,0.9540659473144855,0.9690758936644764,0.9630886707221413,0.006492832954554552,43,0.9999698595454819,0.9946653003405769,0.9999698604539016,0.9982016734466534,0.0025005934041125067
79,105.00969227155049,1.9301076174525094,0.26410500208536786,0.004007093194573642,0.3,10,1219,"{'learning_rate': 0.3, 'max_depth': 10, 'n_estimators': 1219}",0.95708257986739,0.9612393754897823,0.9594912291277352,0.9592710614949692,0.0017041308246871587,64,1.0,1.0,1.0,1.0,0.0
80,189.05154633522034,2.179133804205171,0.4454662005106608,0.004227918090505725,0.4,6,948,"{'learning_rate': 0.4, 'max_depth': 6, 'n_estimators': 948}",0.9675708257986739,0.9703417927542347,0.9691964554825486,0.9690363580118192,0.0011368928027165224,24,1.0,1.0,1.0,1.0,0.0
81,342.7311950524648,29.51101367281252,0.65988556543986,0.008963444213347342,0.6,3,1294,"{'learning_rate': 0.6, 'max_depth': 3, 'n_estimators': 1294}",0.970042194092827,0.9601543191271324,0.9471336427753331,0.9591100519984308,0.009381481803483147,66,1.0,0.9950269748937581,0.9795352481991622,0.9915207410309734,0.008714806308533295
82,148.18048556645712,51.443951705690935,0.34326767921447754,0.0927333579622694,0.6,7,926,"{'learning_rate': 0.6, 'max_depth': 7, 'n_estimators': 926}",0.9618444846292947,0.966061848212671,0.9658207245765266,0.9645756858061642,0.0019337580085378536,40,1.0,1.0,0.9999698604539016,0.9999899534846338,1.4207918285389055e-05
83,545.6987065474192,6.620392053614383,0.9117141564687093,0.03668572685728826,0.9,5,1185,"{'learning_rate': 0.9, 'max_depth': 5, 'n_estimators': 1185}",0.8681735985533454,0.9484598227741274,0.9153053228042679,0.9106462480439136,0.03294186478352786,100,0.8716920851166435,0.990656740709485,0.9317942071792399,0.9313810110017894,0.04856799610437335
84,223.45754226048788,1.3075222199734202,0.4501306215922038,0.037194044237285534,0.6,3,803,"{'learning_rate': 0.6, 'max_depth': 3, 'n_estimators': 803}",0.9689572031344184,0.9622641509433962,0.9598529145819519,0.9636914228865887,0.0038513933765596743,41,1.0,0.996684649929172,0.9979806504114048,0.9982217667801923,0.001364182136057514
85,83.75991034507751,0.24315217623318303,0.2396088441212972,0.008155835934321934,0.4,10,1416,"{'learning_rate': 0.4, 'max_depth': 10, 'n_estimators': 1416}",0.9577456298975286,0.9596117909458075,0.9585870154921936,0.9586481454451766,0.0007630823100610173,67,1.0,1.0,1.0,1.0,0.0
86,175.0644133090973,28.550602880982627,0.36469268798828125,0.05176024286574777,0.8,10,799,"{'learning_rate': 0.8, 'max_depth': 10, 'n_estimators': 799}",0.944966847498493,0.9486406655012357,0.9491229127735247,0.9475768085910845,0.0018559926879414853,90,0.9999397190909639,0.9999397209078031,0.9999698604539016,0.9999497668175562,1.4208346537863557e-05
87,340.6875228881836,2.2696338713831867,0.7892457644144694,0.008540483780497442,0.2,6,1403,"{'learning_rate': 0.2, 'max_depth': 6, 'n_estimators': 1403}",0.9690777576853526,0.9731147145698957,0.9715474109349569,0.9712466277300683,0.001661747699295772,11,1.0,1.0,1.0,1.0,0.0
88,160.99744772911072,4.1293133235987,0.374462366104126,0.006235932371807238,0.5,6,766,"{'learning_rate': 0.5, 'max_depth': 6, 'n_estimators': 766}",0.9672694394213381,0.9705226354813431,0.9659412863945989,0.9679111204324267,0.001924578872315844,29,1.0,1.0,1.0,1.0,0.0
89,232.03367908795676,79.99203218446989,0.4523664315541585,0.08560962759392919,0.6,5,739,"{'learning_rate': 0.6, 'max_depth': 5, 'n_estimators': 739}",0.9667269439421338,0.9525589245885828,0.9679305563927904,0.9624054749745024,0.006979879970777069,50,1.0,0.9921034389222099,1.0,0.99736781297407,0.0037224745907727696
90,357.1806893348694,124.09750905935815,0.6630191008249918,0.16804720390854488,0.9,9,1467,"{'learning_rate': 0.9, 'max_depth': 9, 'n_estimators': 1467}",0.9505123568414707,0.9550304418590633,0.9517149918620773,0.9524192635208705,0.001910544771102904,87,0.9998492977274097,0.9999397209078031,0.9999698604539016,0.9999196263630381,5.1229456381864544e-05
91,199.1243449052175,5.45595606036186,0.45273741086324054,0.010669873456858362,0.5,5,898,"{'learning_rate': 0.5, 'max_depth': 5, 'n_estimators': 898}",0.9656419529837251,0.9704623545723069,0.9690758936644764,0.9683934004068361,0.002026230597907314,27,1.0,1.0,1.0,1.0,0.0
92,320.3644765218099,1.1005131634700307,0.5536465644836426,0.01510833283703405,0.9,3,1143,"{'learning_rate': 0.9, 'max_depth': 3, 'n_estimators': 1143}",0.9480409885473177,0.9518958345891856,0.9491229127735247,0.949686578636676,0.001623422086332401,89,0.9867984809210922,0.9907170198016818,0.9887278097591851,0.9887477701606531,0.0015997990609017364
93,139.19090978304544,52.46881727821056,0.3333900769551595,0.10943467791673452,0.6,10,1186,"{'learning_rate': 0.6, 'max_depth': 10, 'n_estimators': 1186}",0.9517781796262809,0.9561154982217132,0.952679486406655,0.953524388084883,0.001868774515375439,82,0.9999698595454819,1.0,0.9999698604539016,0.9999799066664612,1.4208132406799431e-05
94,102.89569854736328,0.9993458887847702,0.2603445847829183,0.003372220995692563,0.5,8,1026,"{'learning_rate': 0.5, 'max_depth': 8, 'n_estimators': 1026}",0.9625075346594334,0.9639520163964073,0.9606365663994213,0.9623653724850874,0.0013572545164140882,51,1.0,1.0,1.0,1.0,0.0
95,224.72338151931763,0.6659427318517921,0.4756597677866618,0.022177849453540965,0.8,2,1199,"{'learning_rate': 0.8, 'max_depth': 2, 'n_estimators': 1199}",0.9657625075346594,0.959370667309663,0.9652781963952016,0.9634704570798412,0.002905723827172258,42,1.0,0.9935199975888364,1.0,0.9978399991962789,0.003054702431359327
96,307.94228140513104,301.36867146359936,0.5380645593007406,0.42099059599730204,0.9,7,1126,"{'learning_rate': 0.9, 'max_depth': 7, 'n_estimators': 1126}",0.9418927064496685,0.9581047682199048,0.9603351618542407,0.9534442121746047,0.008218743915625484,84,0.9934896618241003,1.0,1.0,0.9978298872747001,0.003069002847997578
97,365.53381538391113,1.1132116705469643,0.6601542631785074,0.010565918296205557,0.8,3,1306,"{'learning_rate': 0.8, 'max_depth': 3, 'n_estimators': 1306}",0.8648583484026522,0.951594430044005,0.9545481945867744,0.9236669910111438,0.041601470449440514,98,0.8757911869310989,0.9830917146387775,0.994122788510805,0.9510018966935605,0.053372335498973356
98,70.47104159990947,0.4974820960464113,0.19625981648763022,0.008119049620992379,0.5,10,1026,"{'learning_rate': 0.5, 'max_depth': 10, 'n_estimators': 1026}",0.9523809523809523,0.955452408222316,0.9544276327687021,0.9540869977906569,0.0012768409944240622,80,1.0,1.0,1.0,1.0,0.0
99,256.93535804748535,5.210797444718266,0.4758323033650716,0.02349425426369093,0.9,2,1433,"{'learning_rate': 0.9, 'max_depth': 2, 'n_estimators': 1433}",0.9528028933092224,0.9683525227560431,0.9666646573030321,0.9626066911227659,0.006966494150503376,47,0.9931581168244017,1.0,1.0,0.9977193722748007,0.0032252946597011414
