,mean_fit_time,std_fit_time,mean_score_time,std_score_time,param_hidden_layer_sizes,param_learning_rate_init,param_momentum,params,split0_test_score,split1_test_score,split2_test_score,mean_test_score,std_test_score,rank_test_score,split0_train_score,split1_train_score,split2_train_score,mean_train_score,std_train_score
0,36.5450332959493,1.8886437421351578,0.427674134572347,0.02998238495989867,92,0.4,0.1,"{'hidden_layer_sizes': 92, 'learning_rate_init': 0.4, 'momentum': 0.1}",0.9299025179980022,0.945472081567979,0.9401653461935928,0.9385133152531914,0.006462699751183477,38,0.9434387971271594,0.9393913298083051,0.9384795563363302,0.9404365610905984,0.0021552878586504703
1,35.74811919530233,2.677170388367454,0.47258885701497394,0.12382877645211894,83,0.7,0.001,"{'hidden_layer_sizes': 83, 'learning_rate_init': 0.7, 'momentum': 0.001}",0.9084082532465295,0.9131617925665668,0.9219083706510507,0.9144928054880491,0.005591182882111696,63,0.9240970703225918,0.9055992835121682,0.9184492439116806,0.9160485325821468,0.0077401373970054635
2,24.996925671895344,2.3270628435228087,0.36851175626118976,0.07976426305844421,55,0.4,0.5,"{'hidden_layer_sizes': 55, 'learning_rate_init': 0.4, 'momentum': 0.5}",0.8917364196892976,0.9304880989287314,0.9423355149844987,0.9215200112008426,0.02160844062389423,48,0.9150548560996193,0.928058421315513,0.9384795563363302,0.9271976112504875,0.009582445434959947
3,21.721163193384807,0.629512397551779,0.21945428848266602,0.018519289802373433,43,0.1,0.9,"{'hidden_layer_sizes': 43, 'learning_rate_init': 0.1, 'momentum': 0.9}",0.9528779580448486,0.963246185112466,0.9625559765759559,0.9595600399110902,0.004733339941755944,15,0.9702037512271576,0.9700142953101049,0.9704798319038269,0.9702326261470299,0.00019114811145950477
4,19.29119070370992,2.67373043779314,0.18785174687703451,0.02640200125321379,32,0.1,0.001,"{'hidden_layer_sizes': 32, 'learning_rate_init': 0.1, 'momentum': 0.001}",0.9510867693155592,0.9656229547724846,0.9630382363072684,0.9599159867984374,0.0063317455942827495,14,0.9728733573310828,0.9692048018463341,0.9672935827219179,0.9697905806331116,0.0023152859812629783
5,17.04625590642293,0.8853320815117703,0.19613424936930338,0.02884829952442781,31,0.2,0.3,"{'hidden_layer_sizes': 31, 'learning_rate_init': 0.2, 'momentum': 0.3}",0.9405807584995349,0.9507078640074403,0.9441267654150879,0.9451384626406877,0.004195808618870092,28,0.9564079158126798,0.9509136942181499,0.9453859667252248,0.9509025255853515,0.004499698802911262
6,23.716687043507893,2.656140213115921,0.2534743944803874,0.02329301565368239,52,0.1,0.9,"{'hidden_layer_sizes': 52, 'learning_rate_init': 0.1, 'momentum': 0.9}",0.9395473803864834,0.9658985222692983,0.9666207371684464,0.957355546608076,0.012595726437223113,22,0.964967878610427,0.9711338075472348,0.9712376425200647,0.9691131095592421,0.002931427427000597
7,116.6596561272939,7.714662395652063,0.09543037414550781,0.02666420126898871,6,0.001,0.6,"{'hidden_layer_sizes': 6, 'learning_rate_init': 0.001, 'momentum': 0.6}",0.9696875753504874,0.97134098033137,0.978022735101619,0.9730170969278255,0.0036033084013543186,8,0.9981571106250323,0.9960903188026387,0.9965554062898281,0.9969342785724997,0.0008852740683769159
8,12.314014116923014,0.34352834904219637,0.16439215342203775,0.07244450737115986,15,0.8,0.4,"{'hidden_layer_sizes': 15, 'learning_rate_init': 0.8, 'momentum': 0.4}",0.9037924976748992,0.9082704694981227,0.91684464347227,0.9096358702150974,0.005415278805835213,75,0.9189645372969808,0.9085616851242658,0.9167613929936964,0.9147625384716477,0.004475965287479052
9,37.41607594490051,3.087698188389781,0.36741820971171063,0.0047798076874227425,84,0.8,0.1,"{'hidden_layer_sizes': 84, 'learning_rate_init': 0.8, 'momentum': 0.1}",0.8846750025834453,0.9101994419758189,0.9086117809162935,0.9011620751585192,0.011676124884618156,83,0.892044573810303,0.9105940304162863,0.9085115910578347,0.9037167317614747,0.008297131707131573
10,16.814117590586346,1.2597651849808302,0.17569231986999512,0.008541536487656598,36,0.3,0.6,"{'hidden_layer_sizes': 36, 'learning_rate_init': 0.3, 'momentum': 0.6}",0.9323826254693259,0.9465399056181324,0.9375473647950396,0.9388232986274992,0.005849680940675814,36,0.9478651762801192,0.9422676150944697,0.93727394853777,0.9424689133041196,0.004326192860509353
11,44.29482134183248,1.1611238768105185,0.42612799008687335,0.01955534390436671,97,0.8,0.7,"{'hidden_layer_sizes': 97, 'learning_rate_init': 0.8, 'momentum': 0.7}",0.9037924976748992,0.8888429609727533,0.7978987254564244,0.863511394701359,0.046794863934596434,100,0.9209968825890013,0.8806944420523243,0.7969067548482657,0.8661993598298637,0.05168604264953894
12,31.816588878631592,1.2027718952904787,0.38307420412699383,0.033223358591841785,84,0.5,0.001,"{'hidden_layer_sizes': 84, 'learning_rate_init': 0.5, 'momentum': 0.001}",0.846233336777927,0.9171575212703662,0.9323802962452635,0.8985903847645189,0.03754001043230903,87,0.8503814953238835,0.9184822858717556,0.9299025179980022,0.8995887663978804,0.035105764677297646
13,16.730846405029297,0.5606065912819814,0.15852602322896323,0.00938167072577991,27,0.8,0.001,"{'hidden_layer_sizes': 27, 'learning_rate_init': 0.8, 'momentum': 0.001}",0.9142985084909235,0.8987633908580482,0.9122631760248019,0.9084416917912579,0.006893851186733353,76,0.9289884776355901,0.8904600334131345,0.911542833522786,0.9103304481905035,0.015752516459202497
14,21.51856017112732,0.9682047475670826,0.23418347040812174,0.01039052585981396,52,0.4,0.7,"{'hidden_layer_sizes': 52, 'learning_rate_init': 0.4, 'momentum': 0.7}",0.9245633977472357,0.9387895697702456,0.9378918360316914,0.9337482678497242,0.006505016554732977,41,0.9425259640722689,0.9356366579976232,0.9371533877579139,0.938438669942602,0.0029557398699530182
15,81.90452305475871,0.5709094322982904,0.2930275599161784,0.017185494060280998,66,0.001,0.9,"{'hidden_layer_sizes': 66, 'learning_rate_init': 0.001, 'momentum': 0.9}",0.9877028004546864,0.9904929213599256,0.9908026179813986,0.9896661132653368,0.0013940171911149732,1,0.9999827767348134,1.0,1.0,0.9999942589116045,8.119125071748649e-06
16,9.949281692504883,0.8490771446271573,0.09245967864990234,0.019778548602676253,9,0.7,0.3,"{'hidden_layer_sizes': 9, 'learning_rate_init': 0.7, 'momentum': 0.3}",0.9083049154352244,0.9042402948572216,0.9180847399242164,0.910209983405554,0.005810285580011889,74,0.9211346687104941,0.9031191333252958,0.9159863594089077,0.9134133871482325,0.007576499565299965
17,29.0039857228597,0.5047151932166398,0.36943777402242023,0.03030290492968939,78,0.1,0.1,"{'hidden_layer_sizes': 78, 'learning_rate_init': 0.1, 'momentum': 0.1}",0.9568047948744446,0.9590093348489546,0.961591457113331,0.9591351956122435,0.001956172205455871,18,0.9773514062796025,0.9668279912505813,0.9687230891116393,0.9709674955472744,0.004579926211523313
18,34.535337368647255,0.8069211146216781,0.4540748596191406,0.017810628153230208,88,0.6,0.2,"{'hidden_layer_sizes': 88, 'learning_rate_init': 0.6, 'momentum': 0.2}",0.9215321552822845,0.934449381695429,0.9028591112642095,0.9196135494139743,0.012967834124937273,55,0.9354299788153838,0.9263705413272249,0.8998312149082016,0.9205439116836035,0.015105853339743736
19,17.849826494852703,0.3147869371784808,0.07692503929138184,0.0020963318242395545,7,0.1,0.9,"{'hidden_layer_sizes': 7, 'learning_rate_init': 0.1, 'momentum': 0.9}",0.9439564603355034,0.9546347008370363,0.951291767137444,0.9499609761033279,0.004459780161585483,25,0.9593530941595908,0.9570968464201444,0.9561158761324102,0.9575219389040485,0.0013553407575906376
20,30.677536169687908,0.9516799841630414,0.34827812512715656,0.01589585752890953,69,0.8,0.6,"{'hidden_layer_sizes': 69, 'learning_rate_init': 0.8, 'momentum': 0.6}",0.8991767421032689,0.921463263408081,0.9164657251119531,0.9123685768744344,0.009548550526218225,72,0.9074249496219493,0.9154337679337249,0.916813061899349,0.9132239264850077,0.004138978332440415
21,27.118786414464314,0.4385179855410113,0.2869113286336263,0.005364152111715226,60,0.9,0.6,"{'hidden_layer_sizes': 60, 'learning_rate_init': 0.9, 'momentum': 0.6}",0.8710688574282663,0.91963762874169,0.9035825008611781,0.8980963290103782,0.020204041640330166,88,0.8775942543187337,0.9156232238507777,0.8993145258516758,0.8975106680070625,0.015577570590648626
22,12.23848271369934,0.04344294024502223,0.10709126790364583,0.003379528631843304,17,0.5,0.1,"{'hidden_layer_sizes': 17, 'learning_rate_init': 0.5, 'momentum': 0.1}",0.9112672660259722,0.9230822224518618,0.9297278677230452,0.9213591187336263,0.0076343639146664085,49,0.929711854773428,0.9217374829920256,0.9283180048913231,0.9265891142189254,0.0034774941691620397
23,13.707753817240397,0.4510437262190057,0.1284449895222982,0.009297251905070142,20,0.7,0.5,"{'hidden_layer_sizes': 20, 'learning_rate_init': 0.7, 'momentum': 0.5}",0.9100961041645138,0.9180186696979091,0.9104374784705477,0.9128507507776568,0.0036569270869525566,66,0.92466543807375,0.9131602969290918,0.9076676655988426,0.9151644668672282,0.007082541452184943
24,70.98083249727885,2.2934786219622794,0.1519807974497477,0.0079536343872285,27,0.001,0.001,"{'hidden_layer_sizes': 27, 'learning_rate_init': 0.001, 'momentum': 0.001}",0.9836726258137852,0.9876683545175846,0.9880812952118498,0.9864740918477399,0.0019880960672288657,6,0.999913883674067,0.9999311069392536,0.999879439220144,0.9999081432778215,2.14802608812188e-05
25,20.253477255503338,0.6346822333743609,0.18332346280415854,0.01952712210253159,40,0.1,0.6,"{'hidden_layer_sizes': 40, 'learning_rate_init': 0.1, 'momentum': 0.6}",0.945230960008267,0.9652784954014674,0.9620392697209783,0.9575162417102376,0.008787083536830801,20,0.9710304679561151,0.9696181602108128,0.964830698219145,0.9684931087953577,0.0026531229037275892
26,19.01344394683838,0.5680530685298109,0.19488167762756348,0.008302822026795928,39,0.2,0.6,"{'hidden_layer_sizes': 39, 'learning_rate_init': 0.2, 'momentum': 0.6}",0.9431986497192656,0.9511556611897627,0.9497760936961763,0.9480434682017348,0.0034717912008449836,27,0.9590602986514183,0.9486918930090766,0.9512073300954152,0.95298650725197,0.004415885143950219
27,33.53038366635641,0.9494479401154456,0.42056481043497723,0.019698392888632222,98,0.2,0.8,"{'hidden_layer_sizes': 98, 'learning_rate_init': 0.2, 'momentum': 0.8}",0.9407529881850436,0.9524301608625263,0.9538753014123321,0.949019483486634,0.005874993119461811,26,0.9602142574189215,0.9556500921444687,0.9528435121077469,0.9562359538903791,0.0030374767049358145
28,20.114078839619953,0.7471805117593517,0.05072490374247233,0.01591051667950559,1,0.2,0.2,"{'hidden_layer_sizes': 1, 'learning_rate_init': 0.2, 'momentum': 0.2}",0.9350694085632599,0.9420619337949089,0.9420254908715122,0.9397189444098938,0.003287751989177971,34,0.9461084032310846,0.9414408983655121,0.9407529881850436,0.9427674299272134,0.002379058926968503
29,36.812277475992836,2.6224607374469806,0.38562218348185223,0.03541475098512892,78,0.8,0.9,"{'hidden_layer_sizes': 78, 'learning_rate_init': 0.8, 'momentum': 0.9}",0.9066170645172402,0.9163997106541284,0.9150189459180158,0.9126785736964615,0.004323042752619242,68,0.9198257005563115,0.9147448373262603,0.9120767455478627,0.9155490944768115,0.0032142078447522826
30,14.892025550206503,0.835184318236626,0.1431004206339518,0.013592817364222303,24,0.6,0.001,"{'hidden_layer_sizes': 24, 'learning_rate_init': 0.6, 'momentum': 0.001}",0.910061658227412,0.9204987771692329,0.9293489493627282,0.919969794919791,0.007882882996289258,52,0.9206007474897091,0.9173283271042524,0.9263890324136268,0.9214393690025294,0.00374624787462115
31,19.31420596440633,0.7288281773126281,0.13718422253926596,0.010562580099357474,23,0.1,0.2,"{'hidden_layer_sizes': 23, 'learning_rate_init': 0.1, 'momentum': 0.2}",0.9503978505735249,0.9616616720057869,0.9604547020323803,0.9575047415372308,0.005049430232325136,21,0.9713577099946608,0.9658462651349443,0.9663635424201715,0.9678558391832589,0.002485185215400039
32,27.51161567370097,1.3191988408335555,0.3069661458333333,0.010424545423943393,69,0.5,0.1,"{'hidden_layer_sizes': 69, 'learning_rate_init': 0.5, 'momentum': 0.1}",0.9182253453205195,0.9278702077090007,0.8912504305890459,0.9124486612061887,0.015497947790946695,71,0.9305385715023854,0.9271972580561822,0.8919086493748063,0.9165481596444579,0.017476082582254096
33,12.366489887237549,1.2531400810068019,0.11903031667073567,0.0092738554347954,14,0.6,0.5,"{'hidden_layer_sizes': 14, 'learning_rate_init': 0.6, 'momentum': 0.5}",0.9194998449932831,0.9215666012193862,0.9185325525318636,0.9198663329148443,0.001265463790355672,53,0.9274039372384216,0.9219613854394516,0.9155902311322379,0.921651851270037,0.004827889224243304
34,23.884689410527546,0.7244674423403993,0.26704947153727215,0.016729193683307022,58,0.1,0.1,"{'hidden_layer_sizes': 58, 'learning_rate_init': 0.1, 'momentum': 0.1}",0.9565636733147326,0.9661396438290104,0.9651050637271787,0.9626027936236407,0.004291139675802945,10,0.9755257401698214,0.9709960214257419,0.9710481898660053,0.9725233171538562,0.0021231404980418477
35,75.08883659044902,8.917667495079977,0.1332393487294515,0.02134846104496436,14,0.001,0.1,"{'hidden_layer_sizes': 14, 'learning_rate_init': 0.001, 'momentum': 0.1}",0.9803658158520202,0.9834315042540732,0.9838787461246986,0.9825586887435973,0.0015613082039688253,7,0.9996555346962677,0.999552195105148,0.9995522028176776,0.9995866442063644,4.8712932671586186e-05
36,29.881715218226116,0.15989544845542944,0.3607485294342041,0.009136926684149107,83,0.1,0.2,"{'hidden_layer_sizes': 83, 'learning_rate_init': 0.1, 'momentum': 0.2}",0.9581137404843099,0.9637973201060935,0.956631071305546,0.9595140439653166,0.0030886262153290273,17,0.9764041266943387,0.9651401112622932,0.9657951844579932,0.969113140804875,0.005162437192722085
37,22.050549268722534,0.25829178493942523,0.20554733276367188,0.006043571027465944,42,0.8,0.9,"{'hidden_layer_sizes': 42, 'learning_rate_init': 0.8, 'momentum': 0.9}",0.8570493610278668,0.9190520478109607,0.9214261109197383,0.8991758399195219,0.02980368223075704,85,0.8796610461411274,0.9118341055097225,0.9178292170438497,0.9031081228982333,0.016759264043445046
38,42.100558042526245,1.314161911647861,0.3986522356669108,0.004922251589216545,92,0.8,0.3,"{'hidden_layer_sizes': 92, 'learning_rate_init': 0.8, 'momentum': 0.3}",0.8808859495022562,0.8601839413041232,0.8855666551842921,0.8755455153302237,0.01102907426879783,98,0.9037908406675738,0.8613010454521969,0.8792325445213737,0.8814414768803814,0.01741656703613296
39,34.14233525594076,0.8907146327605528,0.4158371289571126,0.06887076806849252,85,0.6,0.001,"{'hidden_layer_sizes': 85, 'learning_rate_init': 0.6, 'momentum': 0.001}",0.9225310874582343,0.925631221797389,0.825525318635894,0.8912292092971724,0.0464769021074062,92,0.9361016861576618,0.9226847625772894,0.8274258551203886,0.8954041012851133,0.04837895495160622
40,9.567421356836954,1.0159916531007525,0.08026687304178874,0.03128433501077282,4,0.3,0.4,"{'hidden_layer_sizes': 4, 'learning_rate_init': 0.3, 'momentum': 0.4}",0.9145396300506355,0.9262168027281182,0.9291422666207372,0.9232995664664969,0.006308298727560168,47,0.9262499784709185,0.9265083274487177,0.9270607281871104,0.9266063447022489,0.00033816594749585025
41,32.730952421824135,0.5211715506056641,0.39720479647318524,0.008602388133184667,93,0.3,0.3,"{'hidden_layer_sizes': 93, 'learning_rate_init': 0.3, 'momentum': 0.3}",0.9381350969653129,0.9406152044366367,0.9442990010334137,0.9410164341451212,0.0025323463822332954,32,0.9506381219751641,0.9429048759063743,0.9446798250146395,0.9460742742987259,0.0033074804403079995
42,11.955662409464518,0.9084649395440221,0.053152004877726235,0.001559230850068334,2,0.5,0.6,"{'hidden_layer_sizes': 2, 'learning_rate_init': 0.5, 'momentum': 0.6}",0.9147463056732459,0.9222899658985223,0.9155700998966586,0.9175354571561423,0.003378725032381119,58,0.9280928678458862,0.9179655879161571,0.9129206710068547,0.919659708922966,0.006308799342709756
43,13.104245026906332,1.287385713209156,0.06405178705851237,0.0016000692873443685,5,0.2,0.001,"{'hidden_layer_sizes': 5, 'learning_rate_init': 0.2, 'momentum': 0.001}",0.9331404360855637,0.9482622024732182,0.9437478470547709,0.9417168285378509,0.006338282198027742,30,0.9498630750417664,0.946177296291831,0.9460404395301574,0.9473602702879184,0.001770631934313756
44,73.15762933095296,2.7466496986380307,0.17519156138102213,0.0016847934472600037,37,0.001,0.1,"{'hidden_layer_sizes': 37, 'learning_rate_init': 0.001, 'momentum': 0.1}",0.9860493954738039,0.9889428541903482,0.988115742335515,0.987702663999889,0.001216826780225039,5,0.9999483302044402,1.0,0.9999655540628983,0.9999712947557794,2.1481132952202134e-05
45,30.99115784962972,0.4337268093562647,0.4315028190612793,0.038068625440294296,91,0.2,0.5,"{'hidden_layer_sizes': 91, 'learning_rate_init': 0.2, 'momentum': 0.5}",0.9330026523371568,0.9420274878578072,0.950499483293145,0.9418432078293697,0.007144239764652705,29,0.9548750452110711,0.9362566955443413,0.9533429781957218,0.948158239650378,0.008438873203448988
46,24.050228277842205,1.3484155400358493,0.3207861582438151,0.10962012824533188,52,0.7,0.6,"{'hidden_layer_sizes': 52, 'learning_rate_init': 0.7, 'momentum': 0.6}",0.8960077158899108,0.9073404291963763,0.9211505339304168,0.9081662263389013,0.010281108255596779,77,0.9118341055097225,0.906322660650006,0.9158485756605008,0.9113351139400766,0.0039049121745758507
47,18.44777528444926,1.5835476681326772,0.07594839731852214,0.0011996561029462343,7,0.1,0.3,"{'hidden_layer_sizes': 7, 'learning_rate_init': 0.1, 'momentum': 0.3}",0.9419930419207054,0.9543935792773243,0.9545297967619704,0.9503054726533332,0.0058780392033587585,24,0.9613165463908648,0.9560806737741341,0.9577003892390893,0.9583658698013627,0.0021887193818502745
48,11.469243288040161,0.35366246083431385,0.1229856808980306,0.03400866933528627,13,0.5,0.4,"{'hidden_layer_sizes': 13, 'learning_rate_init': 0.5, 'momentum': 0.4}",0.9150563191071613,0.9261823567910165,0.918222528418877,0.9198204014390182,0.00468060375571447,54,0.9289368078400303,0.9249410103167358,0.9159174675347043,0.92326509523049,0.005445629686803976
49,18.458914677302044,1.222817557498008,0.17792582511901855,0.004497705639571475,35,0.3,0.4,"{'hidden_layer_sizes': 35, 'learning_rate_init': 0.3, 'momentum': 0.4}",0.9346560573180394,0.9410285556818573,0.9407165001722356,0.9388003710573775,0.0029332401808490434,37,0.9512926060522554,0.9406141816365546,0.939116806172712,0.9436745312871739,0.005421367027156343
50,16.340687195460003,1.069863915406033,0.10305301348368327,0.017313163323716484,13,0.1,0.001,"{'hidden_layer_sizes': 13, 'learning_rate_init': 0.1, 'momentum': 0.001}",0.9459887706245048,0.9594226860941751,0.9566999655528763,0.9540371407571854,0.005798591675626735,23,0.9673446892061797,0.9622121561805688,0.9626950501188385,0.964083965168529,0.0023140927057472833
51,35.82305415471395,1.7756996104144376,0.4180607795715332,0.05147770284233735,79,0.7,0.4,"{'hidden_layer_sizes': 79, 'learning_rate_init': 0.7, 'momentum': 0.4}",0.9024146601908305,0.9218421687162,0.9203238029624526,0.914860210623161,0.008822137035635608,62,0.9197223609651918,0.9170527548612666,0.9192931693706727,0.9186894283990438,0.0011704917935484332
52,40.69312040011088,1.506858006228806,0.44077714284261066,0.036685880410438174,95,0.6,0.3,"{'hidden_layer_sizes': 95, 'learning_rate_init': 0.6, 'momentum': 0.3}",0.864248561882126,0.9202576556095209,0.9153978642783328,0.8999680272566599,0.025335279064676707,84,0.8887549301596597,0.9159849124196965,0.9109572525920567,0.9052323650571377,0.011830715290747328
53,30.18582518895467,0.980618864472306,0.33310461044311523,0.0059019576152929505,81,0.1,0.8,"{'hidden_layer_sizes': 81, 'learning_rate_init': 0.1, 'momentum': 0.8}",0.954290241466019,0.9627983879301436,0.9673785738890802,0.9614890677617476,0.005422905179677832,11,0.9759390985343002,0.9670691169631939,0.9729082704694981,0.9719721619889974,0.003681156302340376
54,26.824429670969646,1.8010094563832078,0.3160244623819987,0.011228585711526616,63,0.5,0.3,"{'hidden_layer_sizes': 63, 'learning_rate_init': 0.5, 'momentum': 0.3}",0.905549240467087,0.9181220075092142,0.9249052704099208,0.9161921727954073,0.008019026138043214,60,0.916811629148654,0.9173283271042524,0.9218766146533016,0.9186721903020693,0.002275667779122974
55,13.549044291178385,0.2234037859726933,0.12013506889343262,0.0019242198850967535,20,0.8,0.8,"{'hidden_layer_sizes': 20, 'learning_rate_init': 0.8, 'momentum': 0.8}",0.9048947676621543,0.9175019806413833,0.9153289700310024,0.9125752394448466,0.005502891899220371,70,0.921634143400906,0.9142798091662218,0.9108194688436498,0.9155778071369259,0.0045094637888042285
56,41.17673969268799,0.3339561541125248,0.43339991569519043,0.04861905638813365,89,0.9,0.6,"{'hidden_layer_sizes': 89, 'learning_rate_init': 0.9, 'momentum': 0.6}",0.8517791326513038,0.9167786159622473,0.9215638994143989,0.8967072160093167,0.031828962074372594,89,0.8564440846695717,0.9093884018532233,0.918879818125452,0.8949041015494158,0.027470000843484967
57,26.099308649698894,0.08083413000346212,0.2584250768025716,0.017472745006669645,56,0.6,0.001,"{'hidden_layer_sizes': 56, 'learning_rate_init': 0.6, 'momentum': 0.001}",0.9049636595363577,0.9302125314319176,0.9265931794695142,0.9205897901459298,0.011147702170626736,51,0.9142109161054752,0.9259399596975595,0.9257862285143468,0.9219790347724605,0.00549324791827487
58,29.728750387827557,0.47647301498250183,0.3428906599680583,0.005189166552945414,82,0.1,0.8,"{'hidden_layer_sizes': 82, 'learning_rate_init': 0.1, 'momentum': 0.8}",0.951362336812373,0.966794116633943,0.965931794695143,0.9613627493804864,0.007080117156793991,12,0.9698937324537986,0.9730800365133222,0.971582101891082,0.971518623619401,0.0013015773784568277
59,33.59834694862366,0.9795225830350986,0.4014744758605957,0.014819195291831923,92,0.4,0.2,"{'hidden_layer_sizes': 92, 'learning_rate_init': 0.4, 'momentum': 0.2}",0.9305569908029347,0.9137129275601943,0.9390630382363073,0.9277776521998121,0.01053408974475728,46,0.94648731506519,0.9159849124196965,0.9401674072543144,0.9342132115797336,0.013145049166520189
60,95.59630290667216,1.2438367476090668,0.36009804407755536,0.020685857110111075,82,0.001,0.001,"{'hidden_layer_sizes': 82, 'learning_rate_init': 0.001, 'momentum': 0.001}",0.9879783679515001,0.9900451241776033,0.9905270409920771,0.9895168443737269,0.0011055144293733007,2,1.0,1.0,1.0,1.0,0.0
61,31.201278924942017,1.3507678105506085,0.3354714711507161,0.01899875423292479,72,0.7,0.1,"{'hidden_layer_sizes': 72, 'learning_rate_init': 0.7, 'momentum': 0.1}",0.9005890255244394,0.9227722090179463,0.9218050292800551,0.915055421274147,0.010236904273321242,61,0.916949415270147,0.9163982707841752,0.916072474251662,0.9164733867686614,0.00036192835001726416
62,17.68614117304484,0.4725599271620655,0.19205458958943686,0.002855737561439198,37,0.2,0.8,"{'hidden_layer_sizes': 37, 'learning_rate_init': 0.2, 'momentum': 0.8}",0.9235989115083876,0.949398918397575,0.9462969342059938,0.939764921370652,0.011501028436081431,33,0.9464356452696302,0.9503108799366183,0.9482794254417691,0.9483419835493393,0.0015826762289813051
63,15.043715794881185,0.1759976559386342,0.15570886929829916,0.01935116876871135,26,0.2,0.5,"{'hidden_layer_sizes': 26, 'learning_rate_init': 0.2, 'momentum': 0.5}",0.9363094622989219,0.9477799593537942,0.9406131588012401,0.9415675268179854,0.004731186560472867,31,0.9550645011281239,0.951619848090801,0.9426819606627398,0.9497887699605548,0.005218330667529479
64,21.48185642560323,0.06350736213870191,0.26955469449361164,0.06642833970118564,46,0.6,0.7,"{'hidden_layer_sizes': 46, 'learning_rate_init': 0.6, 'momentum': 0.7}",0.9164686025283317,0.9213943715338776,0.9004133654839821,0.9127587798487306,0.008958152411890925,67,0.9300390968119736,0.9152615352818587,0.8983672625813786,0.9145559648917369,0.012939594096264781
65,24.560469309488933,1.2458035907623874,0.2697501977284749,0.009049317175027341,60,0.4,0.2,"{'hidden_layer_sizes': 60, 'learning_rate_init': 0.4, 'momentum': 0.2}",0.9292480451930695,0.9396162722606869,0.9157078883913193,0.9281907352816919,0.009789148175327672,45,0.9424054012159625,0.9383923804274814,0.9163135958113741,0.9323704591516061,0.011471507579138802
66,32.06215492884318,0.5608008608685151,0.3937092622121175,0.011846003785631255,96,0.3,0.8,"{'hidden_layer_sizes': 96, 'learning_rate_init': 0.3, 'momentum': 0.8}",0.9291447073817644,0.9427508525369432,0.9425077506028247,0.9381344368405108,0.006357473368337593,39,0.9406486281669278,0.9397530183772239,0.9445764872033343,0.9416593779158288,0.0020948626319788528
67,18.951117277145386,0.3600969970884645,0.1580038865407308,0.0032634689259151643,31,0.1,0.001,"{'hidden_layer_sizes': 31, 'learning_rate_init': 0.1, 'momentum': 0.001}",0.9537046605352899,0.9627639419930419,0.9621081639683087,0.9595255888322134,0.004124715415062003,16,0.970634332856823,0.9671380100239403,0.9683614067720713,0.9687112498842781,0.0014486455720898273
68,94.3686335881551,1.5837209634642886,0.3845871289571126,0.051362895145323086,79,0.001,0.3,"{'hidden_layer_sizes': 79, 'learning_rate_init': 0.001, 'momentum': 0.3}",0.9879094760772967,0.9901829079260102,0.990285911126421,0.9894594317099092,0.0010967905488664753,3,1.0,1.0,1.0,1.0,0.0
69,24.96668791770935,1.571278384349586,0.36421942710876465,0.07517435913789607,57,0.5,0.001,"{'hidden_layer_sizes': 57, 'learning_rate_init': 0.5, 'momentum': 0.001}",0.9209465743515552,0.9324515173435294,0.9044436789528074,0.9192805902159641,0.011494676454348509,56,0.9337593220922823,0.9284717796799917,0.9023802142537287,0.9215371053420011,0.013716884566508651
70,18.326770623524983,0.1234534159679628,0.1986699899037679,0.012839428449792524,40,0.4,0.8,"{'hidden_layer_sizes': 40, 'learning_rate_init': 0.4, 'momentum': 0.8}",0.9221521821501154,0.9434397712789776,0.9288322425077506,0.9314747319789479,0.008889222901313484,43,0.9390640877697594,0.9413031122440192,0.9257173366401433,0.935361512217974,0.006880450546347588
71,17.559511105219524,0.29426913674715294,0.198651393254598,0.020866289812975378,31,0.8,0.2,"{'hidden_layer_sizes': 31, 'learning_rate_init': 0.8, 'momentum': 0.2}",0.8949054459026557,0.8813681926216803,0.9123320702721323,0.8962019029321562,0.012674147713884485,90,0.9123680267305075,0.8825028848969187,0.9106300161895904,0.9018336426056722,0.01368731323418354
72,17.288781722386677,0.4386751466477322,0.18426084518432617,0.024991974081050035,32,0.6,0.1,"{'hidden_layer_sizes': 32, 'learning_rate_init': 0.6, 'momentum': 0.1}",0.9181908993834177,0.8877406909854982,0.9267998622115053,0.9109104841934738,0.016756253523567653,73,0.932519246998846,0.8769053237112692,0.9264923702249319,0.9119723136450156,0.024917880436507125
73,29.76500940322876,0.2514558532730425,0.367843230565389,0.028578265013093254,81,0.1,0.4,"{'hidden_layer_sizes': 81, 'learning_rate_init': 0.1, 'momentum': 0.4}",0.9583204161069202,0.9624539285591265,0.9670685497760937,0.9626142981473801,0.0035732104590558496,9,0.9775753087270285,0.9655362463615852,0.9728910475009472,0.9720008675298537,0.0049550695215748695
74,15.269139766693115,0.7290842845484892,0.16839122772216797,0.033307131654245585,23,0.3,0.3,"{'hidden_layer_sizes': 23, 'learning_rate_init': 0.3, 'momentum': 0.3}",0.9299714098722056,0.9450242843856567,0.938994143988977,0.9379966127489464,0.006185658639711362,40,0.9448511048724617,0.9423709546855893,0.9376184079087871,0.9416134891556127,0.0030009211767848716
75,30.236005306243896,0.8998733315108131,0.2963121732076009,0.008952086472136711,66,0.8,0.2,"{'hidden_layer_sizes': 66, 'learning_rate_init': 0.8, 'momentum': 0.2}",0.8979022424305053,0.9085804829320382,0.8790561488115742,0.8951796247247059,0.012206038442594642,91,0.9080449871686674,0.8991750055975611,0.8759601804967104,0.8943933910876464,0.013527911461993067
76,45.60463412602743,0.8400620989524432,0.4745748043060303,0.042899999713792956,98,0.9,0.001,"{'hidden_layer_sizes': 98, 'learning_rate_init': 0.9, 'momentum': 0.001}",0.9083738073094278,0.909338293548276,0.9232862555976576,0.9136661188184538,0.006813850216736218,65,0.9170872013916398,0.9026713284304438,0.916451379559781,0.9120699697939548,0.006650910311648691
77,11.6044971148173,0.9630023400781164,0.0996545950571696,0.0010618330984203206,13,0.7,0.2,"{'hidden_layer_sizes': 13, 'learning_rate_init': 0.7, 'momentum': 0.2}",0.9127484413213461,0.9197409665529951,0.9162934894936273,0.9162609657893229,0.0028547791067282317,59,0.924975456847109,0.913952567127676,0.9125762116358376,0.9171680785368741,0.005549171449824573
78,17.539709011713665,0.5913556405686636,0.2471452554066976,0.050050112309349123,38,0.3,0.7,"{'hidden_layer_sizes': 38, 'learning_rate_init': 0.3, 'momentum': 0.7}",0.9334504495194792,0.9446798250146395,0.9390630382363073,0.939064437590142,0.0045843734556622,35,0.9472451387334011,0.9431287783538003,0.9394268196066274,0.9432669122312762,0.0031933095912233594
79,10.649773200352987,0.22609912024123788,0.09363611539204915,0.002837266415382443,12,0.6,0.9,"{'hidden_layer_sizes': 12, 'learning_rate_init': 0.6, 'momentum': 0.9}",0.9132651303778719,0.9223588577727257,0.9206338270754392,0.9187526050753457,0.003943620725780279,57,0.9280928678458862,0.9206696405504555,0.916933622679205,0.9218987103585156,0.004637898059634201
80,21.7281277179718,0.7154908196585633,0.31639424959818524,0.10083188376522088,48,0.9,0.7,"{'hidden_layer_sizes': 48, 'learning_rate_init': 0.9, 'momentum': 0.7}",0.8755812751885915,0.8763046398677276,0.9051670685497761,0.8856843278686984,0.013779542867341336,93,0.8819689636761338,0.8777492637054133,0.8982467018015226,0.8859883097276899,0.008837518472873767
81,28.106908480326336,0.21372708090642079,0.28927183151245117,0.0023711468427865703,61,0.9,0.7,"{'hidden_layer_sizes': 61, 'learning_rate_init': 0.9, 'momentum': 0.7}",0.8941476352864179,0.8175398711721953,0.9159834653806407,0.8758903239464179,0.04221202335191191,97,0.9112657377585642,0.8212741771585057,0.9149874272329579,0.8825091140500092,0.043326288134078385
82,23.08727439244588,0.9164698985495336,0.2549295425415039,0.005936602866281638,47,0.9,0.3,"{'hidden_layer_sizes': 47, 'learning_rate_init': 0.9, 'momentum': 0.3}",0.8995556474113878,0.9094071854224794,0.910678608336204,0.9065471470566905,0.0049709106827679995,79,0.9134703157024509,0.90828611288128,0.9047225379766457,0.9088263221867923,0.003591635964788621
83,19.986202398935955,1.2553631214598233,0.2293868064880371,0.043712430628416434,39,0.1,0.6,"{'hidden_layer_sizes': 39, 'learning_rate_init': 0.1, 'momentum': 0.6}",0.9475732837311839,0.9640039957287038,0.9632793661729245,0.9582855485442706,0.007580489652942442,19,0.9709615748953687,0.9679302802225246,0.9692397781681651,0.9693772110953528,0.0012413306584763088
84,70.37106386820476,0.1674131345513927,0.12444074948628743,0.0008095555739555436,52,0.001,0.7,"{'hidden_layer_sizes': 52, 'learning_rate_init': 0.001, 'momentum': 0.7}",0.9872205573352623,0.9890806379387551,0.9895280744057872,0.9886097565599349,0.000999151544188272,4,0.9999655534696268,0.9999827767348134,0.9999655540628983,0.9999712947557794,8.11898523991757e-06
85,24.303982575734455,0.46981545589589657,0.3403487205505371,0.09761375851604594,60,0.3,0.4,"{'hidden_layer_sizes': 60, 'learning_rate_init': 0.3, 'momentum': 0.4}",0.9098894285419035,0.9439909062726052,0.9434378229417844,0.9324393859187644,0.0159468264045732,42,0.9357055510583696,0.9404247257195019,0.9427164065998416,0.9396155611259044,0.002918799337683893
86,16.735527356465656,0.4413691500522111,0.19376389185587564,0.041105768723727426,31,0.3,0.7,"{'hidden_layer_sizes': 31, 'learning_rate_init': 0.3, 'momentum': 0.7}",0.9318659364128001,0.9212910337225724,0.9389252497416466,0.9306940732923397,0.007246670087318953,44,0.9475551575067601,0.925113242968602,0.9425613998828838,0.9384099334527486,0.009620668278066853
87,8.173414786656698,0.597632894859666,0.04541277885437012,0.008327772301452438,1,0.9,0.5,"{'hidden_layer_sizes': 1, 'learning_rate_init': 0.9, 'momentum': 0.5}",0.8828149219799525,0.880920395439358,0.8878057182225284,0.8838470118806129,0.002904114854179095,94,0.887445962005477,0.8810216840908699,0.8872240019289724,0.885230549341773,0.0029774963301500913
88,23.704040845235188,0.4027856602282858,0.24109999338785806,0.004936821304791197,53,0.5,0.1,"{'hidden_layer_sizes': 53, 'learning_rate_init': 0.5, 'momentum': 0.1}",0.8984878233612346,0.9326581929661396,0.93169135377196,0.9209457900331114,0.015885085138439312,50,0.9187234115843682,0.9334320800537366,0.9272501808411698,0.9264685574930915,0.006030170441435497
89,17.101298650105793,0.25430424460163403,0.16627788543701172,0.015166860602584672,29,0.7,0.8,"{'hidden_layer_sizes': 29, 'learning_rate_init': 0.7, 'momentum': 0.8}",0.891943095311908,0.9188453721883504,0.904960385807785,0.9052496177693478,0.010984712608283818,81,0.8984516284597234,0.9117996589793493,0.9062553821776721,0.9055022232055815,0.005475272657816343
90,9.222276051839193,0.33569313978048554,0.07221206029256184,0.0236298988561666,4,0.6,0.6,"{'hidden_layer_sizes': 4, 'learning_rate_init': 0.6, 'momentum': 0.6}",0.9033102545554752,0.9132306844407702,0.9212883224250775,0.9126097538071076,0.007352636589227579,69,0.916897745474587,0.9100945557258745,0.9189659329682064,0.915319411389556,0.0037897834069085578
91,33.11614600817362,0.9085371406573949,0.3524000644683838,0.051164808917737156,78,0.6,0.7,"{'hidden_layer_sizes': 78, 'learning_rate_init': 0.6, 'momentum': 0.7}",0.9093038476111742,0.9006923633357445,0.9065105063727179,0.9055022391065455,0.0035871871539800435,80,0.9206179707548957,0.8995883639620399,0.9068754090455031,0.9090272479208129,0.008719093927486684
92,23.71929868062337,0.34541766036320265,0.23573676745096842,0.006481755641969278,52,0.6,0.2,"{'hidden_layer_sizes': 52, 'learning_rate_init': 0.6, 'momentum': 0.2}",0.884227205401123,0.9339326926389032,0.9234240440923183,0.9138613140441149,0.021389143973324306,64,0.9080966569642273,0.9279206351940201,0.9225138644896834,0.9195103855493102,0.00836712585152051
93,25.15802001953125,0.7829675779408105,0.27012475331624347,0.0006690817273473879,62,0.1,0.5,"{'hidden_layer_sizes': 62, 'learning_rate_init': 0.1, 'momentum': 0.5}",0.9574592676793772,0.9641762254142124,0.9618325869789872,0.9611560266908589,0.002783604458311202,13,0.9765763593462049,0.966931330841701,0.9688953187971479,0.9708010029950179,0.004161759876917606
94,32.39152240753174,0.5347029756028396,0.2021784782409668,0.001712105413841717,78,0.8,0.7,"{'hidden_layer_sizes': 78, 'learning_rate_init': 0.8, 'momentum': 0.7}",0.8929764734249596,0.8840894216527161,0.9203582500861178,0.8991413817212646,0.015435058572597419,86,0.9024302027178313,0.8748385318888755,0.9173125279873239,0.8981937541980103,0.017596793423586627
95,36.8502414226532,0.8331369359888676,0.2341470718383789,0.004727620543559112,93,0.8,0.001,"{'hidden_layer_sizes': 93, 'learning_rate_init': 0.8, 'momentum': 0.001}",0.8787847473390513,0.8392408115462782,0.9034447123665174,0.8738234237506156,0.02644486426442324,99,0.8889960558722723,0.8400819827422883,0.9007095863042954,0.876595874972952,0.026258331289578368
96,23.59572704633077,0.23240807147268291,0.217175563176473,0.05002986790946135,54,0.6,0.1,"{'hidden_layer_sizes': 54, 'learning_rate_init': 0.6, 'momentum': 0.1}",0.8975233371223864,0.8908408253246529,0.924147433689287,0.9041705320454421,0.01438683287935189,82,0.9056165067773548,0.892130690136236,0.9240467086907099,0.9072646352014336,0.013081674346684955
97,23.542361974716187,0.8366898047799042,0.15389394760131836,0.002738019917026022,54,0.9,0.001,"{'hidden_layer_sizes': 54, 'learning_rate_init': 0.9, 'momentum': 0.001}",0.9116461713340911,0.8163342633736351,0.9171546675852567,0.8817117007643276,0.046283495060822084,95,0.9227364323728492,0.8196207437005908,0.9101649960387173,0.8841740573707191,0.045933705723366594
98,21.753579060236614,0.7372411371986256,0.16424894332885742,0.002831114050883715,66,0.9,0.3,"{'hidden_layer_sizes': 66, 'learning_rate_init': 0.9, 'momentum': 0.3}",0.8667286693534497,0.9146774137990424,0.8545642438856356,0.8786567756793758,0.025950055743697117,96,0.8742873874029038,0.9134014226417044,0.8544659157452379,0.8807182419299487,0.024486260239120147
99,7.413309971491496,0.5300844690884978,0.04750561714172363,0.007990201609131982,4,0.8,0.5,"{'hidden_layer_sizes': 4, 'learning_rate_init': 0.8, 'momentum': 0.5}",0.9018290792601013,0.914367400365127,0.9059249052704099,0.9073737949652126,0.005220270430029637,78,0.9113174075541242,0.9130397340727855,0.9018463022286521,0.9087344812851873,0.0049211692509936325
